ra_game_id,title,category,achievements,ra_hashes,status,local_roms,local_releases,dat_entries,dat_games,nointro_db_files,nointro_db_titles,local_sources,other_platform_db
11781,Pokémon Party mini,Official,11,5,local,5,"Snorlax's Lunch Time (Europe) (GameCube),Pokemon Party Mini (Japan),Snorlax's Lunch Time (Japan) (GameCube),Pokemon Party Mini (USA)",4,"Snorlax's Lunch Time (Europe) (GameCube),Pokemon Party Mini (Japan),Snorlax's Lunch Time (Japan) (GameCube),Pokemon Party Mini (USA)",1,Lunch Time (Europe) (Demo) (Pokemon Channel),"nointro,retroachievements",
11789,Pokémon Sodateyasan mini,Official,27,2,local,2,Pokemon Sodateyasan Mini (Japan),1,Pokemon Sodateyasan Mini (Japan),0,,"nointro,retroachievements",
14701,Togepi no Daibouken,Official,29,2,local,2,Togepi no Daibouken (Japan),1,Togepi no Daibouken (Japan),0,,"nointro,retroachievements",
14703,Pokémon Puzzle Collection,Official,22,1,local,1,"Pokemon Puzzle Collection (USA, Europe)",1,"Pokemon Puzzle Collection (USA, Europe)",0,,"nointro,retroachievements",
14707,Pokémon Puzzle Collection Vol. 2,Official,26,2,local,2,Pokemon Puzzle Collection Vol. 2 (Japan),1,Pokemon Puzzle Collection Vol. 2 (Japan),0,,"nointro,retroachievements",
14713,~Homebrew~ Frank the Fruit Fly,Homebrew,7,1,local,1,,0,,0,,retroachievements,
14714,Pichu Bros. mini,Official,10,2,local,2,Pichu Bros. Mini (Japan),1,Pichu Bros. Mini (Japan),0,,"nointro,retroachievements",
14715,Pokémon Pinball mini,Official,33,2,local,2,"Pokemon Pinball Mini (USA, Europe),Pokemon Pinball Mini (Japan)",2,"Pokemon Pinball Mini (USA, Europe),Pokemon Pinball Mini (Japan)",0,,"nointro,retroachievements",
14716,Pokémon Race mini,Official,39,2,local,2,Pokemon Race Mini (Japan),1,Pokemon Race Mini (Japan),0,,"nointro,retroachievements",
14717,Pokémon Shock Tetris,Official,114,1,local,1,"Pokemon Tetris (Europe) (En,Fr,De)",1,"Pokemon Tetris (Europe) (En,Fr,De)",0,,"nointro,retroachievements",
14718,Pokémon Zany Cards,Official,28,1,local,1,"Pokemon Zany Cards (USA, Europe)",1,"Pokemon Zany Cards (USA, Europe)",0,,"nointro,retroachievements",
15722,~Homebrew~ ~Prototype~ PokeMaze,Homebrew/Prototype,11,1,local,1,,0,,0,,retroachievements,
15723,~Homebrew~ PokeSnake,Homebrew,6,1,local,1,,0,,0,,retroachievements,
15724,~Homebrew~ Pokémon Psychic Seeds,Homebrew,20,2,local,2,,0,,0,,retroachievements,
15725,~Homebrew~ Cortex,Homebrew,20,1,local,1,,0,,0,,retroachievements,
15726,~Homebrew~ Galactix,Homebrew,7,1,local,1,,0,,0,,retroachievements,
15727,~Homebrew~ LightsOut,Homebrew,29,1,local,1,,0,,0,,retroachievements,
15728,~Homebrew~ SOKOmini,Homebrew,17,2,local,2,,0,,0,,retroachievements,
15729,~Homebrew~ Sonic Arena,Homebrew,6,1,local,1,,0,,0,,retroachievements,
15730,~Homebrew~ Petals Around the Rose,Homebrew,6,1,local,1,,0,,0,,retroachievements,
15908,~Homebrew~ ~Demo~ Pazuru,Homebrew/Demo,16,1,local,1,,0,,0,,retroachievements,
17311,~Homebrew~ Pongemon,Homebrew,11,1,local,1,,0,,0,,retroachievements,
17393,~Homebrew~ ~Demo~ Pokémon Orange,Homebrew/Demo,6,1,local,1,,0,,0,,retroachievements,
17676,~Homebrew~ Flappy Bird,Homebrew,8,1,local,1,,0,,0,,retroachievements,
18257,~Homebrew~ Mini Cookie,Homebrew,18,1,local,1,,0,,0,,retroachievements,
18331,~Homebrew~ ~Demo~ Zelda Mini,Homebrew/Demo,9,1,local,1,,0,,0,,retroachievements,
19498,~Homebrew~ DeathTrap,Homebrew,7,1,local,1,,0,,0,,retroachievements,
19505,~Homebrew~ ~Demo~ P-Type,Homebrew/Demo,6,1,local,1,,0,,0,,retroachievements,
19568,~Homebrew~ Pac-It,Homebrew,6,1,local,1,,0,,0,,retroachievements,
19706,~Homebrew~ PokeMaze,Homebrew,26,1,local,1,,0,,0,,retroachievements,
19708,~Homebrew~ Hamburger in Space!,Homebrew,6,1,local,1,,0,,0,,retroachievements,
19709,~Homebrew~ Pokémon Party mini 2,Homebrew,12,1,local,1,,0,,0,,retroachievements,
21565,~Homebrew~ ~Demo~ gjpg,Homebrew/Demo,6,1,local,1,,0,,0,,retroachievements,
21685,~Homebrew~ ~Demo~ Wooloo's Run Away,Homebrew/Demo,6,1,local,1,,0,,0,,retroachievements,
21715,~Homebrew~ ~Demo~ Loopover,Homebrew/Demo,6,1,local,1,,0,,0,,retroachievements,
22050,~Homebrew~ Bat Trip,Homebrew,8,1,local,1,,0,,0,,retroachievements,
24918,~Homebrew~ ~Demo~ 2048,Homebrew/Demo,13,1,local,1,,0,,0,,retroachievements,
28820,~Homebrew~ ~Demo~ Silver Falls: Monsters in North Island,Homebrew/Demo,10,1,local,1,Silver Falls - Monsters In North Island (World) (Aftermarket) (Unl),1,Silver Falls - Monsters In North Island (World) (Aftermarket) (Unl),0,,"nointro,retroachievements",
37098,~Homebrew~ Mini Running Ant,Homebrew,6,1,local,1,Mini Running Ant (World) (Aftermarket) (Unl),1,Mini Running Ant (World) (Aftermarket) (Unl),0,,"nointro,retroachievements",
38036,~Homebrew~ Pokémon Mini Ambulation,Homebrew,14,1,unmatched,0,,0,,0,,,
